id,batchID,batchIDLastChangedAt,gameID,gameIDLastChangedAt,playerID,playerIDLastChangedAt,roundID,roundIDLastChangedAt
01JVN94HEJJGMN1D339XVXE0H6,01JVN8Z88S67YAE05FDNQCM3KZ,2025-05-19T18:02:56.850808-04:00,01JVN8Z8970RRQBCQ4NHXCA40B,2025-05-19T18:02:56.850808-04:00,01JVN8ZRQVQ8YAJ4AQ4K8YX4M8,2025-05-19T18:02:56.850808-04:00,01JVN90W4SWBHSP889MCZ50CM9,2025-05-19T18:02:56.850808-04:00
01JVN986NY1FQK5ZAPQ87XNABG,01JVN8Z88S67YAE05FDNQCM3KZ,2025-05-19T18:04:56.894553-04:00,01JVN8Z8970RRQBCQ4NHXCA40B,2025-05-19T18:04:56.894553-04:00,01JVN90R2MFPH7EJ8DBKJMSJ85,2025-05-19T18:04:56.894553-04:00,01JVN90W4T225B8RQDSJX8SFDZ,2025-05-19T18:04:56.894553-04:00
01JVN9BVX945H595GZC3YZJA3K,01JVN8Z88S67YAE05FDNQCM3KZ,2025-05-19T18:06:56.937718-04:00,01JVN8Z8970RRQBCQ4NHXCA40B,2025-05-19T18:06:56.937718-04:00,01JVN8ZRQVQ8YAJ4AQ4K8YX4M8,2025-05-19T18:06:56.937718-04:00,01JVN90W4T225B8RQDT13HJPPB,2025-05-19T18:06:56.937718-04:00
01JVN9BVX945H595GZCDHD9TFQ,01JVN8Z88S67YAE05FDNQCM3KZ,2025-05-19T18:06:56.937824-04:00,01JVN8Z8970RRQBCQ4NHXCA40B,2025-05-19T18:06:56.937824-04:00,01JVN90R2MFPH7EJ8DBKJMSJ85,2025-05-19T18:06:56.937824-04:00,01JVN90W4T225B8RQDT13HJPPB,2025-05-19T18:06:56.937824-04:00
01JVN8WMSG1MY3FHP8Y59D48X9,01JVN8VJ35PJD341YQ0J66MCYY,2025-05-19T17:58:38.12812-04:00,01JVN8VJ3PQ3S4BWSDKDQD5RHY,2025-05-19T17:58:38.12812-04:00,01JVN8VZXVX892MFJ7A9JC8PF9,2025-05-19T17:58:38.12812-04:00,01JVN8WMPYA0GXED1W0GSY4XSY,2025-05-19T17:58:38.12812-04:00
01JVN90A0S5ZYPDH934WMMM1WS,01JVN8VJ35PJD341YQ0J66MCYY,2025-05-19T18:00:38.169171-04:00,01JVN8VJ3PQ3S4BWSDKDQD5RHY,2025-05-19T18:00:38.169171-04:00,01JVN8VZXVX892MFJ7A9JC8PF9,2025-05-19T18:00:38.169171-04:00,01JVN8WMPYA0GXED1W1514HH5X,2025-05-19T18:00:38.169171-04:00
01JVN94HEJJGMN1D33A2XBBEMY,01JVN8Z88S67YAE05FDNQCM3KZ,2025-05-19T18:02:56.850938-04:00,01JVN8Z8970RRQBCQ4NHXCA40B,2025-05-19T18:02:56.850938-04:00,01JVN90R2MFPH7EJ8DBKJMSJ85,2025-05-19T18:02:56.850938-04:00,01JVN90W4SWBHSP889MCZ50CM9,2025-05-19T18:02:56.850938-04:00
01JVN97MFF5Y5BYQ81KSZ9TZNX,01JVN8VJ35PJD341YQ0J66MCYY,2025-05-19T18:04:38.25552-04:00,01JVN8VJ3PQ3S4BWSDKDQD5RHY,2025-05-19T18:04:38.25552-04:00,01JVN8VZXVX892MFJ7A9JC8PF9,2025-05-19T18:04:38.25552-04:00,01JVN8WMPZ5F3V8PXP0ZHETZ6W,2025-05-19T18:04:38.25552-04:00
01JVN9B9PTNXT6CCKB1NK06XHA,01JVN8VJ35PJD341YQ0J66MCYY,2025-05-19T18:06:38.29865-04:00,01JVN8VJ3PQ3S4BWSDKDQD5RHY,2025-05-19T18:06:38.29865-04:00,01JVN8WG635566VH9KHQ4E19EH,2025-05-19T18:06:38.29865-04:00,01JVN8WMPZ5F3V8PXP1T73PGM4,2025-05-19T18:06:38.29865-04:00
01JVN9K6BQFKNMCDGC58VPN0Q6,01JVN8Z88S67YAE05FDNQCM3KZ,2025-05-19T18:10:57.015513-04:00,01JVN8Z8970RRQBCQ4NHXCA40B,2025-05-19T18:10:57.015513-04:00,01JVN90R2MFPH7EJ8DBKJMSJ85,2025-05-19T18:10:57.015513-04:00,01JVN90W4W4BQ059HRSJAWDRR2,2025-05-19T18:10:57.015513-04:00
01JVN90W7677W878J0ATMG4JYX,01JVN8Z88S67YAE05FDNQCM3KZ,2025-05-19T18:00:56.806272-04:00,01JVN8Z8970RRQBCQ4NHXCA40B,2025-05-19T18:00:56.806272-04:00,01JVN90R2MFPH7EJ8DBKJMSJ85,2025-05-19T18:00:56.806272-04:00,01JVN90W4SWBHSP889KTFK4FB2,2025-05-19T18:00:56.806272-04:00
01JVN97MFF5Y5BYQ81KE45P753,01JVN8VJ35PJD341YQ0J66MCYY,2025-05-19T18:04:38.255367-04:00,01JVN8VJ3PQ3S4BWSDKDQD5RHY,2025-05-19T18:04:38.255367-04:00,01JVN8WG635566VH9KHQ4E19EH,2025-05-19T18:04:38.255367-04:00,01JVN8WMPZ5F3V8PXP0ZHETZ6W,2025-05-19T18:04:38.255367-04:00
01JVN986NY1FQK5ZAPPZA74VS6,01JVN8Z88S67YAE05FDNQCM3KZ,2025-05-19T18:04:56.894359-04:00,01JVN8Z8970RRQBCQ4NHXCA40B,2025-05-19T18:04:56.894359-04:00,01JVN8ZRQVQ8YAJ4AQ4K8YX4M8,2025-05-19T18:04:56.894359-04:00,01JVN90W4T225B8RQDSJX8SFDZ,2025-05-19T18:04:56.894359-04:00
01JVN9EYY7BE56APRPQKJP5EQV,01JVN8VJ35PJD341YQ0J66MCYY,2025-05-19T18:08:38.343399-04:00,01JVN8VJ3PQ3S4BWSDKDQD5RHY,2025-05-19T18:08:38.343399-04:00,01JVN8WG635566VH9KHQ4E19EH,2025-05-19T18:08:38.343399-04:00,01JVN8WMQ093BY8H1JJR3J2Q29,2025-05-19T18:08:38.343399-04:00
01JVN8WMSG1MY3FHP8YEZ1B19R,01JVN8VJ35PJD341YQ0J66MCYY,2025-05-19T17:58:38.12821-04:00,01JVN8VJ3PQ3S4BWSDKDQD5RHY,2025-05-19T17:58:38.12821-04:00,01JVN8WG635566VH9KHQ4E19EH,2025-05-19T17:58:38.12821-04:00,01JVN8WMPYA0GXED1W0GSY4XSY,2025-05-19T17:58:38.12821-04:00
01JVN90A0S5ZYPDH9355Z54C06,01JVN8VJ35PJD341YQ0J66MCYY,2025-05-19T18:00:38.169292-04:00,01JVN8VJ3PQ3S4BWSDKDQD5RHY,2025-05-19T18:00:38.169292-04:00,01JVN8WG635566VH9KHQ4E19EH,2025-05-19T18:00:38.169292-04:00,01JVN8WMPYA0GXED1W1514HH5X,2025-05-19T18:00:38.169292-04:00
01JVN90W7677W878J0AENADVVV,01JVN8Z88S67YAE05FDNQCM3KZ,2025-05-19T18:00:56.806183-04:00,01JVN8Z8970RRQBCQ4NHXCA40B,2025-05-19T18:00:56.806183-04:00,01JVN8ZRQVQ8YAJ4AQ4K8YX4M8,2025-05-19T18:00:56.806183-04:00,01JVN90W4SWBHSP889KTFK4FB2,2025-05-19T18:00:56.806183-04:00
01JVN93Z84D5A61SZK5GQ99V32,01JVN8VJ35PJD341YQ0J66MCYY,2025-05-19T18:02:38.212636-04:00,01JVN8VJ3PQ3S4BWSDKDQD5RHY,2025-05-19T18:02:38.212636-04:00,01JVN8VZXVX892MFJ7A9JC8PF9,2025-05-19T18:02:38.212636-04:00,01JVN8WMPZ5F3V8PXP1DMYXM60,2025-05-19T18:02:38.212636-04:00
01JVN93Z84D5A61SZK5KB7CXCR,01JVN8VJ35PJD341YQ0J66MCYY,2025-05-19T18:02:38.212782-04:00,01JVN8VJ3PQ3S4BWSDKDQD5RHY,2025-05-19T18:02:38.212782-04:00,01JVN8WG635566VH9KHQ4E19EH,2025-05-19T18:02:38.212782-04:00,01JVN8WMPZ5F3V8PXP1DMYXM60,2025-05-19T18:02:38.212782-04:00
01JVN9B9PTNXT6CCKB19HQ7RW4,01JVN8VJ35PJD341YQ0J66MCYY,2025-05-19T18:06:38.29848-04:00,01JVN8VJ3PQ3S4BWSDKDQD5RHY,2025-05-19T18:06:38.29848-04:00,01JVN8VZXVX892MFJ7A9JC8PF9,2025-05-19T18:06:38.29848-04:00,01JVN8WMPZ5F3V8PXP1T73PGM4,2025-05-19T18:06:38.29848-04:00
01JVN9EYY7BE56APRPQ9W5JSDZ,01JVN8VJ35PJD341YQ0J66MCYY,2025-05-19T18:08:38.343235-04:00,01JVN8VJ3PQ3S4BWSDKDQD5RHY,2025-05-19T18:08:38.343235-04:00,01JVN8VZXVX892MFJ7A9JC8PF9,2025-05-19T18:08:38.343235-04:00,01JVN8WMQ093BY8H1JJR3J2Q29,2025-05-19T18:08:38.343235-04:00
01JVN9FH4H0ACT4B1RMAPCW4CE,01JVN8Z88S67YAE05FDNQCM3KZ,2025-05-19T18:08:56.977827-04:00,01JVN8Z8970RRQBCQ4NHXCA40B,2025-05-19T18:08:56.977827-04:00,01JVN90R2MFPH7EJ8DBKJMSJ85,2025-05-19T18:08:56.977827-04:00,01JVN90W4VYWR9MG95M3F6335E,2025-05-19T18:08:56.977827-04:00
01JVN9FH4H0ACT4B1RMH85J1Q6,01JVN8Z88S67YAE05FDNQCM3KZ,2025-05-19T18:08:56.977977-04:00,01JVN8Z8970RRQBCQ4NHXCA40B,2025-05-19T18:08:56.977977-04:00,01JVN8ZRQVQ8YAJ4AQ4K8YX4M8,2025-05-19T18:08:56.977977-04:00,01JVN90W4VYWR9MG95M3F6335E,2025-05-19T18:08:56.977977-04:00
01JVN9K6BQFKNMCDGC5GVTSAAK,01JVN8Z88S67YAE05FDNQCM3KZ,2025-05-19T18:10:57.015644-04:00,01JVN8Z8970RRQBCQ4NHXCA40B,2025-05-19T18:10:57.015644-04:00,01JVN8ZRQVQ8YAJ4AQ4K8YX4M8,2025-05-19T18:10:57.015644-04:00,01JVN90W4W4BQ059HRSJAWDRR2,2025-05-19T18:10:57.015644-04:00
